scope_id	original_number	question_domain	read	status
P000	0	Methodology	R00 A01 R14 C39	MAPPED_TO_SYNTHESIS_NOT_GPU_VERIFIED
P001	1	Hardware identity	R13 R07 R09	SYNTHESIS_WITH_EXPLICIT_OPEN_FRONTIER
P002	2	SXM2 module	R13 R07 R09	SYNTHESIS_WITH_EXPLICIT_OPEN_FRONTIER
P003	3	SM anatomy	R02 R04 R14	MAPPED_TO_SYNTHESIS_NOT_GPU_VERIFIED
P004	4	Warp scheduler	R02 R04 R14	MAPPED_TO_SYNTHESIS_NOT_GPU_VERIFIED
P005	5	Instruction latency and pipelines	R02 R04 R14	MAPPED_TO_SYNTHESIS_NOT_GPU_VERIFIED
P006	6	Register file	R02 R04 R14	MAPPED_TO_SYNTHESIS_NOT_GPU_VERIFIED
P007	7	Register movement	R04 R02 A01	MAPPED_TO_SYNTHESIS_NOT_GPU_VERIFIED
P008	8	Shuffle	R04 R02 A01	MAPPED_TO_SYNTHESIS_NOT_GPU_VERIFIED
P009	9	Vote and masks	R04 R02 A01	MAPPED_TO_SYNTHESIS_NOT_GPU_VERIFIED
P010	10	Predicates	R04 R02 A01	MAPPED_TO_SYNTHESIS_NOT_GPU_VERIFIED
P011	11	Branches and reconvergence	R04 R02 A01	MAPPED_TO_SYNTHESIS_NOT_GPU_VERIFIED
P012	12	Integer execution	R04 R02 A01	MAPPED_TO_SYNTHESIS_NOT_GPU_VERIFIED
P013	13	LOP3	R04 R02 A01	MAPPED_TO_SYNTHESIS_NOT_GPU_VERIFIED
P014	14	PRMT	R04 R02 A01	MAPPED_TO_SYNTHESIS_NOT_GPU_VERIFIED
P015	15	Bit slicing	R04 R02 A01	MAPPED_TO_SYNTHESIS_NOT_GPU_VERIFIED
P016	16	Packed subwords	R04 R02 A01	MAPPED_TO_SYNTHESIS_NOT_GPU_VERIFIED
P017	17	SFU	R04 R02 A01	MAPPED_TO_SYNTHESIS_NOT_GPU_VERIFIED
P018	18	Conversion	R04 R02 A01	MAPPED_TO_SYNTHESIS_NOT_GPU_VERIFIED
P019	19	Tensor primitive	R05 R15 M24 M25 M26 M27 M28	MAPPED_TO_SYNTHESIS_NOT_GPU_VERIFIED
P020	20	General tensor algebra	R05 R15 M24 M25 M26 M27 M28	MAPPED_TO_SYNTHESIS_NOT_GPU_VERIFIED
P021	21	Tensor reinterpretation	R05 R15 M24 M25 M26 M27 M28	MAPPED_TO_SYNTHESIS_NOT_GPU_VERIFIED
P022	22	Fragments	R05 R15 M24 M25 M26 M27 M28	MAPPED_TO_SYNTHESIS_NOT_GPU_VERIFIED
P023	23	Mixed precision	R05 R15 M24 M25 M26 M27 M28	MAPPED_TO_SYNTHESIS_NOT_GPU_VERIFIED
P024	24	Shared memory	R03 R08	MAPPED_TO_SYNTHESIS_NOT_GPU_VERIFIED
P025	25	Bank-aware layout	R03 R08	MAPPED_TO_SYNTHESIS_NOT_GPU_VERIFIED
P026	26	Barriers	R03 R08	MAPPED_TO_SYNTHESIS_NOT_GPU_VERIFIED
P027	27	L1	R03 R08	MAPPED_TO_SYNTHESIS_NOT_GPU_VERIFIED
P028	28	L2	R03 R08	MAPPED_TO_SYNTHESIS_NOT_GPU_VERIFIED
P029	29	HBM2	R03 R08	SYNTHESIS_WITH_EXPLICIT_OPEN_FRONTIER
P030	30	Coalescing	R03 R08	MAPPED_TO_SYNTHESIS_NOT_GPU_VERIFIED
P031	31	Memory forms	R03 R08	MAPPED_TO_SYNTHESIS_NOT_GPU_VERIFIED
P032	32	Constant memory	R03 R08	MAPPED_TO_SYNTHESIS_NOT_GPU_VERIFIED
P033	33	Texture	R03 R08	MAPPED_TO_SYNTHESIS_NOT_GPU_VERIFIED
P034	34	Spilling	R03 R08	MAPPED_TO_SYNTHESIS_NOT_GPU_VERIFIED
P035	35	GMMU	R03 R08	SYNTHESIS_WITH_EXPLICIT_OPEN_FRONTIER
P036	36	TLB	R03 R08	SYNTHESIS_WITH_EXPLICIT_OPEN_FRONTIER
P037	37	UVA	R03 R08	MAPPED_TO_SYNTHESIS_NOT_GPU_VERIFIED
P038	38	VMM	R03 R08	MAPPED_TO_SYNTHESIS_NOT_GPU_VERIFIED
P039	39	Managed memory	R03 R08	MAPPED_TO_SYNTHESIS_NOT_GPU_VERIFIED
P040	40	Atomics	R06 R02 R09	MAPPED_TO_SYNTHESIS_NOT_GPU_VERIFIED
P041	41	Atomic computation	R06 R02 R09	MAPPED_TO_SYNTHESIS_NOT_GPU_VERIFIED
P042	42	Memory ordering	R06 R02 R09	MAPPED_TO_SYNTHESIS_NOT_GPU_VERIFIED
P043	43	Persistent kernels	R06 R02 R09	MAPPED_TO_SYNTHESIS_NOT_GPU_VERIFIED
P044	44	GPU scheduler	R06 R02 R09	MAPPED_TO_SYNTHESIS_NOT_GPU_VERIFIED
P045	45	Dynamic parallelism	R06 R02 R09	MAPPED_TO_SYNTHESIS_NOT_GPU_VERIFIED
P046	46	Cooperative groups	R06 R02 R09	MAPPED_TO_SYNTHESIS_NOT_GPU_VERIFIED
P047	47	Historical multi-device cooperation	R06 R02 R09	SYNTHESIS_WITH_EXPLICIT_OPEN_FRONTIER
P048	48	Special registers	R06 R02 R09	MAPPED_TO_SYNTHESIS_NOT_GPU_VERIFIED
P049	49	Observations as data	R06 R02 R09	MAPPED_TO_SYNTHESIS_NOT_GPU_VERIFIED
P050	50	Copy engines	R09 R14	MAPPED_TO_SYNTHESIS_NOT_GPU_VERIFIED
P051	51	DMA actors	R09 R14	MAPPED_TO_SYNTHESIS_NOT_GPU_VERIFIED
P052	52	SM versus DMA movement	R09 R14	MAPPED_TO_SYNTHESIS_NOT_GPU_VERIFIED
P053	53	NVLink physical	R07 R08	SYNTHESIS_WITH_EXPLICIT_OPEN_FRONTIER
P054	54	NVLink endpoints	R07 R08	SYNTHESIS_WITH_EXPLICIT_OPEN_FRONTIER
P055	55	NVLink semantics	R07 R08	SYNTHESIS_WITH_EXPLICIT_OPEN_FRONTIER
P056	56	Remote load/store fabric	R07 R08	MAPPED_TO_SYNTHESIS_NOT_GPU_VERIFIED
P057	57	Remote data structures	R07 R08	MAPPED_TO_SYNTHESIS_NOT_GPU_VERIFIED
P058	58	Remote atomics	R07 R08	MAPPED_TO_SYNTHESIS_NOT_GPU_VERIFIED
P059	59	NVLink synchronization	R07 R08	MAPPED_TO_SYNTHESIS_NOT_GPU_VERIFIED
P060	60	Striping and routing	R07 R08	SYNTHESIS_WITH_EXPLICIT_OPEN_FRONTIER
P061	61	NVLink versus PCIe	R07 R08	MAPPED_TO_SYNTHESIS_NOT_GPU_VERIFIED
P062	62	NVSwitch evidence	R07 R08	SYNTHESIS_WITH_EXPLICIT_OPEN_FRONTIER
P063	63	POWER9	R07 R08	SYNTHESIS_WITH_EXPLICIT_OPEN_FRONTIER
P064	64	PCIe endpoint	R07 R08	MAPPED_TO_SYNTHESIS_NOT_GPU_VERIFIED
P065	65	BAR/MMIO	R07 R08	SYNTHESIS_WITH_EXPLICIT_OPEN_FRONTIER
P066	66	NUMA	R07 R08	MAPPED_TO_SYNTHESIS_NOT_GPU_VERIFIED
P067	67	Host memory tier	R07 R08	MAPPED_TO_SYNTHESIS_NOT_GPU_VERIFIED
P068	68	Launch path	R09 R14	MAPPED_TO_SYNTHESIS_NOT_GPU_VERIFIED
P069	69	Channels/pushbuffers	R09 R14	SYNTHESIS_WITH_EXPLICIT_OPEN_FRONTIER
P070	70	Streams	R09 R14	MAPPED_TO_SYNTHESIS_NOT_GPU_VERIFIED
P071	71	Events/semaphores	R06 R02 R09	MAPPED_TO_SYNTHESIS_NOT_GPU_VERIFIED
P072	72	Graphs	R09 R14	MAPPED_TO_SYNTHESIS_NOT_GPU_VERIFIED
P073	73	Contexts	R10 M45 M48	MAPPED_TO_SYNTHESIS_NOT_GPU_VERIFIED
P074	74	MPS	R10 M45 M48	MAPPED_TO_SYNTHESIS_NOT_GPU_VERIFIED
P075	75	Preemption	R02 R04 R14	SYNTHESIS_WITH_EXPLICIT_OPEN_FRONTIER
P076	76	IPC	R10 M45 M48	MAPPED_TO_SYNTHESIS_NOT_GPU_VERIFIED
P077	77	GPUDirect	R07 R08	MAPPED_TO_SYNTHESIS_NOT_GPU_VERIFIED
P078	78	NVSHMEM	R07 R08	MAPPED_TO_SYNTHESIS_NOT_GPU_VERIFIED
P079	79	NCCL	R07 R08	MAPPED_TO_SYNTHESIS_NOT_GPU_VERIFIED
P080	80	Cubin	R10 M45 M48	MAPPED_TO_SYNTHESIS_NOT_GPU_VERIFIED
P081	81	PTX versus SASS	R10 M45 M48	MAPPED_TO_SYNTHESIS_NOT_GPU_VERIFIED
P082	82	SASS control encoding	R02 R04 R14	MAPPED_TO_SYNTHESIS_NOT_GPU_VERIFIED
P083	83	Manual scheduling	R02 R04 R14	MAPPED_TO_SYNTHESIS_NOT_GPU_VERIFIED
P084	84	Compiler-avoided forms	R02 R04 R14	MAPPED_TO_SYNTHESIS_NOT_GPU_VERIFIED
P085	85	Representation first	R04 R02 A01	MAPPED_TO_SYNTHESIS_NOT_GPU_VERIFIED
P086	86	Location as semantics	R04 R02 A01	MAPPED_TO_SYNTHESIS_NOT_GPU_VERIFIED
P087	87	Computation by routing	R04 R02 A01	MAPPED_TO_SYNTHESIS_NOT_GPU_VERIFIED
P088	88	Representation collapse	R04 R02 A01	MAPPED_TO_SYNTHESIS_NOT_GPU_VERIFIED
P089	89	Computation by side effects	R04 R02 A01	MAPPED_TO_SYNTHESIS_NOT_GPU_VERIFIED
P090	90	Pipeline heterogeneity	R02 R04 R14	MAPPED_TO_SYNTHESIS_NOT_GPU_VERIFIED
P091	91	Warp specialization	R02 R04 R14	MAPPED_TO_SYNTHESIS_NOT_GPU_VERIFIED
P092	92	SM specialization	R02 R04 R14	MAPPED_TO_SYNTHESIS_NOT_GPU_VERIFIED
P093	93	Message passing	R06 R02 R09	MAPPED_TO_SYNTHESIS_NOT_GPU_VERIFIED
P094	94	State machines	R04 R02 A01	MAPPED_TO_SYNTHESIS_NOT_GPU_VERIFIED
P095	95	Graph computation	R04 R02 A01	MAPPED_TO_SYNTHESIS_NOT_GPU_VERIFIED
P096	96	Sequence routing	R04 R02 A01	MAPPED_TO_SYNTHESIS_NOT_GPU_VERIFIED
P097	97	Sparse algebra	R04 R02 A01	MAPPED_TO_SYNTHESIS_NOT_GPU_VERIFIED
P098	98	Distributed-system hierarchy	R06 R02 R09	MAPPED_TO_SYNTHESIS_NOT_GPU_VERIFIED
P099	99	Counters	R12 R14	MAPPED_TO_SYNTHESIS_NOT_GPU_VERIFIED
P100	100	Counter feedback	R12 R14	MAPPED_TO_SYNTHESIS_NOT_GPU_VERIFIED
P101	101	Profiling APIs	R12 R14	MAPPED_TO_SYNTHESIS_NOT_GPU_VERIFIED
P102	102	Telemetry	R12 R14	MAPPED_TO_SYNTHESIS_NOT_GPU_VERIFIED
P103	103	Boot	R13 R07 R09	SYNTHESIS_WITH_EXPLICIT_OPEN_FRONTIER
P104	104	Embedded controllers	R13 R07 R09	SYNTHESIS_WITH_EXPLICIT_OPEN_FRONTIER
P105	105	Firmware configuration	R13 R07 R09	SYNTHESIS_WITH_EXPLICIT_OPEN_FRONTIER
P106	106	Reset	R13 R07 R09	SYNTHESIS_WITH_EXPLICIT_OPEN_FRONTIER
P107	107	Kernel driver	R13 R07 R09	SYNTHESIS_WITH_EXPLICIT_OPEN_FRONTIER
P108	108	Open-module support	R13 R07 R09	MAPPED_TO_SYNTHESIS_NOT_GPU_VERIFIED
P109	109	Nouveau	R13 R07 R09	SYNTHESIS_WITH_EXPLICIT_OPEN_FRONTIER
P110	110	Linux PCI P2P	R13 R07 R09	SYNTHESIS_WITH_EXPLICIT_OPEN_FRONTIER
P111	111	DGX-1V	R13 R07 R09	SYNTHESIS_WITH_EXPLICIT_OPEN_FRONTIER
P112	112	DGX-2	R13 R07 R09	SYNTHESIS_WITH_EXPLICIT_OPEN_FRONTIER
P113	113	AC922	R13 R07 R09	SYNTHESIS_WITH_EXPLICIT_OPEN_FRONTIER
P114	114	RAS	R13 R07 R09	MAPPED_TO_SYNTHESIS_NOT_GPU_VERIFIED
P115	115	Errata	R13 R07 R09	SYNTHESIS_WITH_EXPLICIT_OPEN_FRONTIER
P116	116	Historical CUDA features	R10 M45 M48	MAPPED_TO_SYNTHESIS_NOT_GPU_VERIFIED
P117	117	Academic microbenchmarks	R12 R14	MAPPED_TO_SYNTHESIS_NOT_GPU_VERIFIED
P118	118	Patents	R13 R07 R09	SYNTHESIS_WITH_EXPLICIT_OPEN_FRONTIER
P119	119	SASS tools	R10 M45 M48	MAPPED_TO_SYNTHESIS_NOT_GPU_VERIFIED
P120	120	Community experiments	R12 R14	SYNTHESIS_WITH_EXPLICIT_OPEN_FRONTIER
P121	121	Negative-space research	R00 A01 R14 C39	MAPPED_TO_SYNTHESIS_NOT_GPU_VERIFIED
P122	122	Physical limits	R00 A01 R14 C39	MAPPED_TO_SYNTHESIS_NOT_GPU_VERIFIED
P123	123	Unexposed plausible capabilities	R00 A01 R14 C39	SYNTHESIS_WITH_EXPLICIT_OPEN_FRONTIER
P124	124	Owned-system timing inference	R00 A01 R14 C39	MAPPED_TO_SYNTHESIS_NOT_GPU_VERIFIED
P125	125	Concurrency matrix	R12 R14	MAPPED_TO_SYNTHESIS_NOT_GPU_VERIFIED
P126	126	Conflict matrix	R12 R14	MAPPED_TO_SYNTHESIS_NOT_GPU_VERIFIED
P127	127	Latency hierarchy	R02 R04 R14	MAPPED_TO_SYNTHESIS_NOT_GPU_VERIFIED
P128	128	Granularity hierarchy	R03 R08	MAPPED_TO_SYNTHESIS_NOT_GPU_VERIFIED
P129	129	Scope hierarchy	R00 A01 R14 C39	MAPPED_TO_SYNTHESIS_NOT_GPU_VERIFIED
P130	130	Computational-need index	R00 A01 R14 C39	MAPPED_TO_SYNTHESIS_NOT_GPU_VERIFIED
P131	131	Composition graph	R00 A01 R14 C39	MAPPED_TO_SYNTHESIS_NOT_GPU_VERIFIED
P132	132	Constraint inversion	R00 A01 R14 C39	MAPPED_TO_SYNTHESIS_NOT_GPU_VERIFIED
P133	133	Microbenchmark programme	R12 R14	MAPPED_TO_SYNTHESIS_NOT_GPU_VERIFIED
P134	134	Experimental discipline	R12 R14	MAPPED_TO_SYNTHESIS_NOT_GPU_VERIFIED
P135	135	Source hierarchy	R00 A01 R14 C39	MAPPED_TO_SYNTHESIS_NOT_GPU_VERIFIED
P136	136	Contradictions	R00 A01 R14 C39	MAPPED_TO_SYNTHESIS_NOT_GPU_VERIFIED
P137	137	Confidence	R00 A01 R14 C39	MAPPED_TO_SYNTHESIS_NOT_GPU_VERIFIED
P138	138	Report layers	R00 A01 R14 C39	MAPPED_TO_SYNTHESIS_NOT_GPU_VERIFIED
P139	139	Research passes	R00 A01 R14 C39	MAPPED_TO_SYNTHESIS_NOT_GPU_VERIFIED
P140	140	No meta-device design	R00 A01 R14 C39	MAPPED_TO_SYNTHESIS_NOT_GPU_VERIFIED
P141		Carry-safe positional integer algebra	C07 M09 E01	ADDED_SYNTHESIS
P142		Certified approximate decisions and refinement	C14 R15 E10	ADDED_SYNTHESIS
P143		Carry-save bitset multiplicity	C37 M01 E01	ADDED_SYNTHESIS
P144		Command-engine reduction scope versus array arithmetic	C27 M38 E28	ADDED_SYNTHESIS
P145		QMD ownership and dependency proof gates	C28 M39 E29	ADDED_SYNTHESIS
P146		Compiler syntax age versus target age	R04 E37	ADDED_SYNTHESIS
P147		Whole-composition break-even and rejection	R11 C39 E39	ADDED_SYNTHESIS
P148		Source reachability independent of evidence confidence	R00	ADDED_SYNTHESIS
P149		Model-readable conditional retrieval and ledger maintenance	A00 A01	ADDED_SYNTHESIS
P150		Adjacent multi-die/GPU products and aggregation literature	R00 R07	OPEN_COMPARATIVE_BACKLOG
